<?xml version="1.0" encoding="UTF-8"?>
<Molde>
<Info>
	<Nome>CAMISA SOCIAL 03</Nome>
	<Fonte>03 PERSONA</Fonte>		
	<Versao>Persona 2016.06</Versao>
</Info>
<Medidas>
	<Medida>
		<Nome>Colarinho</Nome>
		<Valor>4100</Valor>
		<Max>6500</Max>
		<Min>3000</Min>
		<Inc>50</Inc>
	</Medida>
	<Medida>
		<Nome>Torax</Nome>
		<Valor>5200</Valor>
		<Max>14000</Max>
		<Min>2000</Min>
		<Inc>50</Inc>
	</Medida>
	<Medida>
		<Nome>Cintura</Nome>
		<Valor>4600</Valor>
		<Max>14000</Max>
		<Min>2000</Min>
		<Inc>50</Inc>
	</Medida>
	<Medida>
		<Nome>Quadril</Nome>
		<Valor>5200</Valor>
		<Max>14000</Max>
		<Min>2000</Min>
		<Inc>50</Inc>
	</Medida>
	<Medida>
		<Nome>OmbroOmbro</Nome>
		<Valor>4800</Valor>
		<Max>6500</Max>
		<Min>3200</Min>
		<Inc>50</Inc>
	</Medida>
	<Medida>
		<Nome>CompOmbroDireito</Nome>
		<Valor>1600</Valor>
		<Max>2500</Max>
		<Min>1000</Min>
		<Inc>50</Inc>
	</Medida>
	<Medida>
		<Nome>CompOmbroEsquerdo</Nome>
		<Valor>1600</Valor>
		<Max>2500</Max>
		<Min>1000</Min>
		<Inc>50</Inc>
	</Medida>
	<Medida>
		<Nome>CompMangaDireita</Nome>
		<Valor>6400</Valor>
		<Max>8000</Max>
		<Min>5000</Min>
		<Inc>50</Inc>
	</Medida>
	<Medida>
		<Nome>CompMangaEsquerda</Nome>
		<Valor>6400</Valor>
		<Max>8000</Max>
		<Min>5000</Min>
		<Inc>50</Inc>
	</Medida>
	<Medida>
		<Nome>LarguraPunhoDireito</Nome>
		<Valor>2000</Valor>
		<Max>3000</Max>
		<Min>1500</Min>
		<Inc>50</Inc>
	</Medida>
	<Medida>
		<Nome>LarguraPunhoEsquerdo</Nome>
		<Valor>2000</Valor>
		<Max>3000</Max>
		<Min>1500</Min>
		<Inc>50</Inc>
	</Medida>
	<Medida>
		<Nome>MeioPeito</Nome>
		<Valor>2100</Valor>
		<Max>3000</Max>
		<Min>1500</Min>
		<Inc>50</Inc>
	</Medida>
	<Medida>
		<Nome>CompTotal</Nome>
		<Valor>7500</Valor>
		<Max>9500</Max>
		<Min>5000</Min>
		<Inc>50</Inc>
	</Medida>
</Medidas>
<Configuracoes>
<Configuracao>
	<Nome>NomeSite</Nome>
	<Tipo>Opcao</Tipo>
	<Opcoes>
		<Opcao>
		<Nome>Camisa Masculina</Nome>
		</Opcao>	
	</Opcoes>
</Configuracao>
<Configuracao>
	<Nome>CamisaMasculina</Nome>
	<Tipo>Opcao</Tipo>
	<Opcoes>
	<Opcao><Nome>Sim</Nome></Opcao>
	<Opcao><Nome>Nao</Nome></Opcao>
	</Opcoes>
</Configuracao>
<Configuracao>
	<Nome>Manga</Nome>
	<Tipo>Opcao</Tipo>
	<Opcoes>
	<Opcao><Nome>Comprida</Nome></Opcao>
	<Opcao><Nome>Curta</Nome></Opcao>
	</Opcoes>
</Configuracao>
<Configuracao>
	<Nome>OpcaoVista</Nome>
	<Tipo>Opcao</Tipo>
	<Opcoes>
	<Opcao><Nome>Lisa</Nome></Opcao>
	<Opcao><Nome>Militar</Nome></Opcao>
	<Opcao><Nome>Coberta</Nome></Opcao>
	</Opcoes>
</Configuracao>
<Configuracao>
	<Nome>OpcaoPunho</Nome>
	<Tipo>Opcao</Tipo>
	<Opcoes>
	<Opcao><Nome>Quadrado</Nome></Opcao>
	<Opcao><Nome>Chanfrado</Nome></Opcao>
	<Opcao><Nome>Redondo</Nome></Opcao>
	<Opcao><Nome>Duplo</Nome></Opcao>
	<Opcao><Nome>Duplo Redondo</Nome></Opcao>
	<Opcao><Nome>Duplo Chanfrado</Nome></Opcao>
	</Opcoes>
</Configuracao>
<Configuracao>
	<Nome>ParametrosNumericos</Nome>
	<Tipo>Opcao_Valor</Tipo>
	<Opcoes>
	<Opcao>
		<Nome>Padrao</Nome>
		<Valores>
		<Valor>
		<Nome>MargemCostura</Nome>
		<Valor>100</Valor>
		<Max>150</Max>
		<Min>50</Min>
		<Inc>10</Inc>
		</Valor>
		<Valor>
		<Nome>EspessuraColarinho</Nome>
		<Valor>425</Valor>
		<Max>500</Max>
		<Min>300</Min>
		<Inc>5</Inc>
		</Valor>
		<Valor>
		<Nome>CompPunho</Nome>
		<Valor>650</Valor>
		<Max>1000</Max>
		<Min>450</Min>
		<Inc>10</Inc>
		</Valor>
		<Valor>
		<Nome>QDC</Nome>
		<Tipo>Valor</Tipo>
		<Valor>400</Valor>
		<Max>400</Max>
		<Min>400</Min>
		<Inc>10</Inc>
		</Valor>
<Valor>
	<Nome>QPC</Nome>
	<Valor>600</Valor>
	<Max>600</Max>
	<Min>600</Min>
	<Inc>10</Inc>
</Valor>
<Valor>
	<Nome>MolezaManga</Nome>
	<Valor>200</Valor>
	<Max>200</Max>
	<Min>200</Min>
	<Inc>10</Inc>
</Valor>
<Valor>
	<Nome>TranspassePunho</Nome>
	<Valor>400</Valor>
	<Max>400</Max>
	<Min>400</Min>
	<Inc>10</Inc>
</Valor>
		</Valores>	
	</Opcao>
	</Opcoes>
</Configuracao>

<Configuracao>
	<Nome>PencesFemininas</Nome>
	<Tipo>Opcao_Valor</Tipo>
	<Opcoes>
	<Opcao>
		<Nome>Padrao</Nome>
		<Valores>
		<Valor>
		<Nome>CompPenceBusto</Nome>
		<Valor>1000</Valor>
		<Max>1500</Max>
		<Min>0</Min>
		<Inc>50</Inc>
		</Valor>
		<Valor>
		<Nome>LargPenceBusto</Nome>
		<Valor>200</Valor>
		<Max>400</Max>
		<Min>0</Min>
		<Inc>50</Inc>
		</Valor>
		<Valor>
		<Nome>AlturaPenceFrente</Nome>
		<Valor>000</Valor>
		<Max>500</Max>
		<Min>-500</Min>
		<Inc>10</Inc>
		</Valor>
		<Valor>
		<Nome>CompPenceFrente</Nome>
		<Valor>3000</Valor>
		<Max>3500</Max>
		<Min>0</Min>
		<Inc>50</Inc>
		</Valor>
		<Valor>
		<Nome>LargPenceFrente</Nome>
		<Valor>200</Valor>
		<Max>400</Max>
		<Min>0</Min>
		<Inc>50</Inc>
		</Valor>
		<Valor>
		<Nome>AlturaPenceCostas</Nome>
		<Valor>000</Valor>
		<Max>500</Max>
		<Min>-500</Min>
		<Inc>10</Inc>
		</Valor>
		<Valor>
		<Nome>CompPenceCostas</Nome>
		<Valor>3500</Valor>
		<Max>4000</Max>
		<Min>0</Min>
		<Inc>50</Inc>
		</Valor>
		<Valor>
		<Nome>LargPenceCostas</Nome>
		<Valor>200</Valor>
		<Max>400</Max>
		<Min>0</Min>
		<Inc>50</Inc>
		</Valor>
		</Valores>
	</Opcao>
	</Opcoes>
</Configuracao>
<Configuracao>
	<Nome>OpcaoPregas</Nome>
	<Tipo>Opcao_Valor</Tipo>
	<Opcoes>
	<Opcao>
		<Nome>Britanica</Nome>
		<Valores>
		<Valor>
		<Nome>PregasCostas</Nome>
		<Valor>250</Valor>
		<Max>350</Max>
		<Min>60</Min>
		<Inc>10</Inc>
		</Valor>
		</Valores>	
	</Opcao>
	<Opcao>
		<Nome>Americana</Nome>
		<Valores>
		<Valor>
		<Nome>PregasCostas</Nome>
		<Valor>370</Valor>
		<Max>470</Max>
		<Min>60</Min>
		<Inc>10</Inc>
		</Valor>
		</Valores>	
	</Opcao>
	<Opcao>
		<Nome>Sem Pregas</Nome>
		<Valores>
		<Valor>
		<Nome>PregasCostas</Nome>
		<Valor>00</Valor>
		<Max>350</Max>
		<Min>50</Min>
		<Inc>10</Inc>
		</Valor>
		</Valores>	
	</Opcao>
	</Opcoes>
</Configuracao>
<Configuracao>
	<Nome>OpcaoPenceMasculinaCostas</Nome>
	<Tipo>Opcao_Valor</Tipo>
	<Opcoes>
	<Opcao>
		<Nome>Nao</Nome>
		<Valores>
		<Valor>
		<Nome>LarguraPenceMasculina</Nome>
		<Valor>200</Valor>
		<Max>400</Max>
		<Min>50</Min>
		<Inc>10</Inc>
		</Valor>
		</Valores>	
	</Opcao>
	<Opcao>
		<Nome>Sim</Nome>
		<Valores>
		<Valor>
		<Nome>LarguraPenceMasculina</Nome>
		<Valor>200</Valor>
		<Max>400</Max>
		<Min>50</Min>
		<Inc>10</Inc>
		</Valor>
		</Valores>	
	</Opcao>
	</Opcoes>
</Configuracao>
<Configuracao>
	<Nome>LarguraVistaEsquerda</Nome>
	<Tipo>Valor</Tipo>
	<Valor>250</Valor>
	<Max>250</Max>
	<Min>250</Min>
	<Inc>10</Inc>
</Configuracao>
<Configuracao>
	<Nome>VariacaoAlturaCarcela1</Nome>
	<Tipo>Valor</Tipo>
	<Valor>000</Valor>
	<Max>500</Max>
	<Min>-500</Min>
	<Inc>10</Inc>
</Configuracao>
<Configuracao>
	<Nome>VariacaoAlturaCarcela2</Nome>
	<Tipo>Valor</Tipo>
	<Valor>000</Valor>
	<Max>500</Max>
	<Min>-500</Min>
	<Inc>10</Inc>
</Configuracao>
<Configuracao>
	<Nome>LarguraVistaDireita</Nome>
	<Tipo>Valor</Tipo>
	<Valor>200</Valor>
	<Max>200</Max>
	<Min>200</Min>
	<Inc>10</Inc>
</Configuracao>
<Configuracao>
	<Nome>BarraFrente</Nome>
	<Tipo>Valor</Tipo>
	<Valor>400</Valor>
	<Max>800</Max>
	<Min>0</Min>
	<Inc>50</Inc>
</Configuracao>
<Configuracao>
	<Nome>BarraCostas</Nome>
	<Tipo>Valor</Tipo>
	<Valor>600</Valor>
	<Max>800</Max>
	<Min>0</Min>
	<Inc>50</Inc>
</Configuracao>
<Configuracao>
	<Nome>LevantaTraseiro</Nome>
	<Tipo>Valor</Tipo>
	<Valor>00</Valor>
	<Max>500</Max>
	<Min>0</Min>
	<Inc>50</Inc>
</Configuracao>
<Configuracao>
	<Nome>PregasManga</Nome>
	<Tipo>Valor</Tipo>
	<Valor>75</Valor>
	<Max>150</Max>
	<Min>0</Min>
	<Inc>5</Inc>
</Configuracao>
<Configuracao>
	<Nome>CompMangaCurta</Nome>
	<Tipo>Valor</Tipo>
	<Valor>2200</Valor>
	<Max>4500</Max>
	<Min>1000</Min>
	<Inc>50</Inc>
</Configuracao>
<Configuracao>
	<Nome>OpcaoColarinho</Nome>
	<Tipo>Opcao_Valor</Tipo>
	<Opcoes>
	<Opcao>
		<Nome>Frances</Nome>
		<Valores>
		<Valor>
		<Nome>AnguloColarinho</Nome>
		<Valor>9000</Valor>
		<Max>15000</Max>
		<Min>4500</Min>
		<Inc>50</Inc>
		</Valor>
		<Valor>
		<Nome>CompPontaColarinho</Nome>
		<Valor>650</Valor>
		<Max>1000</Max>
		<Min>400</Min>
		<Inc>50</Inc>
		</Valor>
		</Valores>	
	</Opcao>
	<Opcao>
		<Nome>Italiano</Nome>
		<Valores>
		<Valor>
		<Nome>AnguloColarinho</Nome>
		<Valor>11200</Valor>
		<Max>15000</Max>
		<Min>4500</Min>
		<Inc>50</Inc>
		</Valor>
		<Valor>
		<Nome>CompPontaColarinho</Nome>
		<Valor>710</Valor>
		<Max>1000</Max>
		<Min>400</Min>
		<Inc>50</Inc>
		</Valor>
		</Valores>	
	</Opcao>
	<Opcao>
		<Nome>Ingles</Nome>
		<Valores>
		<Valor>
		<Nome>AnguloColarinho</Nome>
		<Valor>7300</Valor>
		<Max>15000</Max>
		<Min>4500</Min>
		<Inc>50</Inc>
		</Valor>
		<Valor>
		<Nome>CompPontaColarinho</Nome>
		<Valor>640</Valor>
		<Max>1000</Max>
		<Min>400</Min>
		<Inc>50</Inc>
		</Valor>
		</Valores>	
	</Opcao>
	<Opcao>
		<Nome>Personalizado</Nome>
		<Valores>
		<Valor>
		<Nome>AnguloColarinho</Nome>
		<Valor>9000</Valor>
		<Max>15000</Max>
		<Min>4500</Min>
		<Inc>50</Inc>
		</Valor>
		<Valor>
		<Nome>CompPontaColarinho</Nome>
		<Valor>650</Valor>
		<Max>1000</Max>
		<Min>300</Min>
		<Inc>50</Inc>
		</Valor>
		</Valores>
	</Opcao>
	</Opcoes>
</Configuracao>
<Configuracao>
	<Nome>OpcaoSobras</Nome>
	<Tipo>Opcao_Valor</Tipo>
	<Opcoes>
	<Opcao>
		<Nome>Padrao</Nome>
		<Valores>
		<Valor>
		<Nome>FolgaTorax</Nome>
		<Valor>250</Valor>
		<Max>1000</Max>
		<Min>50</Min>
		<Inc>10</Inc>
		</Valor>
		<Valor>
		<Nome>FolgaCintura</Nome>
		<Valor>230</Valor>
		<Max>2000</Max>
		<Min>50</Min>
		<Inc>10</Inc>
		</Valor>
		<Valor>
		<Nome>FolgaQuadril</Nome>
		<Valor>180</Valor>
		<Max>2000</Max>
		<Min>50</Min>
		<Inc>10</Inc>
		</Valor>
		<Valor>
		<Nome>FolgaManga</Nome>
		<Valor>75</Valor>
		<Max>500</Max>
		<Min>5</Min>
		<Inc>5</Inc>
		</Valor>
		</Valores>	
	</Opcao>
	<Opcao>
		<Nome>Slim</Nome>
		<Valores>
		<Valor>
		<Nome>FolgaTorax</Nome>
		<Valor>200</Valor>
		<Max>2000</Max>
		<Min>50</Min>
		<Inc>10</Inc>
		</Valor>
		<Valor>
		<Nome>FolgaCintura</Nome>
		<Valor>160</Valor>
		<Max>2000</Max>
		<Min>50</Min>
		<Inc>10</Inc>
		</Valor>
		<Valor>
		<Nome>FolgaQuadril</Nome>
		<Valor>080</Valor>
		<Max>2000</Max>
		<Min>50</Min>
		<Inc>10</Inc>
		</Valor>
		<Valor>
		<Nome>FolgaManga</Nome>
		<Valor>55</Valor>
		<Max>500</Max>
		<Min>5</Min>
		<Inc>5</Inc>
		</Valor>
		</Valores>	
	</Opcao>
	<Opcao>
		<Nome>Confort</Nome>
		<Valores>
		<Valor>
		<Nome>FolgaTorax</Nome>
		<Valor>3200</Valor>
		<Max>2000</Max>
		<Min>50</Min>
		<Inc>10</Inc>
		</Valor>
		<Valor>
		<Nome>FolgaCintura</Nome>
		<Valor>300</Valor>
		<Max>2000</Max>
		<Min>50</Min>
		<Inc>10</Inc>
		</Valor>
		<Valor>
		<Nome>FolgaQuadril</Nome>
		<Valor>220</Valor>
		<Max>2000</Max>
		<Min>50</Min>
		<Inc>10</Inc>
		</Valor>
		<Valor>
		<Nome>FolgaManga</Nome>
		<Valor>140</Valor>
		<Max>500</Max>
		<Min>5</Min>
		<Inc>5</Inc>
		</Valor>
		</Valores>	
	</Opcao>
	<Opcao>
		<Nome>Personalizado</Nome>
		<Valores>
		<Valor>
		<Nome>FolgaTorax</Nome>
		<Valor>250</Valor>
		<Max>2000</Max>
		<Min>50</Min>
		<Inc>10</Inc>
		</Valor>
		<Valor>
		<Nome>FolgaCintura</Nome>
		<Valor>200</Valor>
		<Max>2000</Max>
		<Min>50</Min>
		<Inc>10</Inc>
		</Valor>
		<Valor>
		<Nome>FolgaQuadril</Nome>
		<Valor>150</Valor>
		<Max>2000</Max>
		<Min>50</Min>
		<Inc>10</Inc>
		</Valor>
		<Valor>
		<Nome>FolgaManga</Nome>
		<Valor>75</Valor>
		<Max>500</Max>
		<Min>5</Min>
		<Inc>5</Inc>
		</Valor>
		</Valores>	
	</Opcao>
	</Opcoes>
</Configuracao>
<Configuracao>
	<Nome>AlturaOmbros</Nome>
	<Tipo>Opcao_Valor</Tipo>
	<Opcoes>
	<Opcao>
		<Nome>Ombros Padrao</Nome>
		<Valores>
		<Valor>
		<Nome>AnguloOmbroEsquerdo</Nome>
		<Valor>1350</Valor>
		<Max>6000</Max>
		<Min>000</Min>
		<Inc>50</Inc>
		</Valor>
		<Valor>
		<Nome>AnguloOmbroDireito</Nome>
		<Valor>1350</Valor>
		<Max>6000</Max>
		<Min>000</Min>
		<Inc>50</Inc>
		</Valor>
		<Valor>
		<Nome>AnguloOmbroEsquerdoPala</Nome>
		<Valor>1650</Valor>
		<Max>6000</Max>
		<Min>000</Min>
		<Inc>50</Inc>
		</Valor>
		<Valor>
		<Nome>AnguloOmbroDireitoPala</Nome>
		<Valor>1650</Valor>
		<Max>6000</Max>
		<Min>000</Min>
		<Inc>50</Inc>
		</Valor>
		</Valores>	
	</Opcao>
	<Opcao>
		<Nome>Ombros Altos</Nome>
		<Valores>
		<Valor>
		<Nome>AnguloOmbroEsquerdo</Nome>
		<Valor>1150</Valor>
		<Max>6000</Max>
		<Min>000</Min>
		<Inc>50</Inc>
		</Valor>
		<Valor>
		<Nome>AnguloOmbroDireito</Nome>
		<Valor>1150</Valor>
		<Max>6000</Max>
		<Min>000</Min>
		<Inc>50</Inc>
		</Valor>
		<Valor>
		<Nome>AnguloOmbroEsquerdoPala</Nome>
		<Valor>1450</Valor>
		<Max>6000</Max>
		<Min>000</Min>
		<Inc>50</Inc>
		</Valor>
		<Valor>
		<Nome>AnguloOmbroDireitoPala</Nome>
		<Valor>1450</Valor>
		<Max>6000</Max>
		<Min>000</Min>
		<Inc>50</Inc>
		</Valor>
		</Valores>	
	</Opcao>
	<Opcao>
		<Nome>Ombros Baixos</Nome>
		<Valores>
		<Valor>
		<Nome>AnguloOmbroEsquerdo</Nome>
		<Valor>1550</Valor>
		<Max>6000</Max>
		<Min>000</Min>
		<Inc>50</Inc>
		</Valor>
		<Valor>
		<Nome>AnguloOmbroDireito</Nome>
		<Valor>1550</Valor>
		<Max>6000</Max>
		<Min>000</Min>
		<Inc>50</Inc>
		</Valor>
		<Valor>
		<Nome>AnguloOmbroEsquerdoPala</Nome>
		<Valor>1850</Valor>
		<Max>6000</Max>
		<Min>000</Min>
		<Inc>50</Inc>
		</Valor>
		<Valor>
		<Nome>AnguloOmbroDireitoPala</Nome>
		<Valor>1850</Valor>
		<Max>6000</Max>
		<Min>000</Min>
		<Inc>50</Inc>
		</Valor>
		</Valores>	
	</Opcao>
	<Opcao>
		<Nome>Personalizado</Nome>
		<Valores>
		<Valor>
		<Nome>AnguloOmbroEsquerdo</Nome>
		<Valor>1350</Valor>
		<Max>6000</Max>
		<Min>000</Min>
		<Inc>50</Inc>
		</Valor>
		<Valor>
		<Nome>AnguloOmbroDireito</Nome>
		<Valor>1350</Valor>
		<Max>6000</Max>
		<Min>000</Min>
		<Inc>50</Inc>
		</Valor>
		<Valor>
		<Nome>AnguloOmbroEsquerdoPala</Nome>
		<Valor>1650</Valor>
		<Max>6000</Max>
		<Min>000</Min>
		<Inc>50</Inc>
		</Valor>
		<Valor>
		<Nome>AnguloOmbroDireitoPala</Nome>
		<Valor>1650</Valor>
		<Max>6000</Max>
		<Min>000</Min>
		<Inc>50</Inc>
		</Valor>
		</Valores>	
	</Opcao>
	<Opcao>
		<Nome>Padrao</Nome>
		<Valores>
		<Valor>
		<Nome>AnguloOmbroEsquerdo</Nome>
		<Valor>1350</Valor>
		<Max>6000</Max>
		<Min>000</Min>
		<Inc>50</Inc>
		</Valor>
		<Valor>
		<Nome>AnguloOmbroDireito</Nome>
		<Valor>1350</Valor>
		<Max>6000</Max>
		<Min>000</Min>
		<Inc>50</Inc>
		</Valor>
		<Valor>
		<Nome>AnguloOmbroEsquerdoPala</Nome>
		<Valor>1650</Valor>
		<Max>6000</Max>
		<Min>000</Min>
		<Inc>50</Inc>
		</Valor>
		<Valor>
		<Nome>AnguloOmbroDireitoPala</Nome>
		<Valor>1650</Valor>
		<Max>6000</Max>
		<Min>000</Min>
		<Inc>50</Inc>
		</Valor>
		</Valores>	
	</Opcao>
	<Opcao>
		<Nome>Altos</Nome>
		<Valores>
		<Valor>
		<Nome>AnguloOmbroEsquerdo</Nome>
		<Valor>1150</Valor>
		<Max>6000</Max>
		<Min>000</Min>
		<Inc>50</Inc>
		</Valor>
		<Valor>
		<Nome>AnguloOmbroDireito</Nome>
		<Valor>1150</Valor>
		<Max>6000</Max>
		<Min>000</Min>
		<Inc>50</Inc>
		</Valor>
		<Valor>
		<Nome>AnguloOmbroEsquerdoPala</Nome>
		<Valor>1450</Valor>
		<Max>6000</Max>
		<Min>000</Min>
		<Inc>50</Inc>
		</Valor>
		<Valor>
		<Nome>AnguloOmbroDireitoPala</Nome>
		<Valor>1450</Valor>
		<Max>6000</Max>
		<Min>000</Min>
		<Inc>50</Inc>
		</Valor>
		</Valores>	
	</Opcao>
	<Opcao>
		<Nome>Baixos</Nome>
		<Valores>
		<Valor>
		<Nome>AnguloOmbroEsquerdo</Nome>
		<Valor>1550</Valor>
		<Max>6000</Max>
		<Min>000</Min>
		<Inc>50</Inc>
		</Valor>
		<Valor>
		<Nome>AnguloOmbroDireito</Nome>
		<Valor>1550</Valor>
		<Max>6000</Max>
		<Min>000</Min>
		<Inc>50</Inc>
		</Valor>
		<Valor>
		<Nome>AnguloOmbroEsquerdoPala</Nome>
		<Valor>1850</Valor>
		<Max>6000</Max>
		<Min>000</Min>
		<Inc>50</Inc>
		</Valor>
		<Valor>
		<Nome>AnguloOmbroDireitoPala</Nome>
		<Valor>1850</Valor>
		<Max>6000</Max>
		<Min>000</Min>
		<Inc>50</Inc>
		</Valor>
		</Valores>	
	</Opcao>
	</Opcoes>
</Configuracao>
<Configuracao>
	<Nome>ColarinhoContrasteInterno</Nome>
	<Tipo>Opcao</Tipo>
	<Opcoes>
	<Opcao><Nome>Nao</Nome></Opcao>
	<Opcao><Nome>Sim</Nome></Opcao>
	</Opcoes>
</Configuracao>
<Configuracao>
	<Nome>ColarinhoContrasteExterno</Nome>
	<Tipo>Opcao</Tipo>
	<Opcoes>
	<Opcao><Nome>Nao</Nome></Opcao>
	<Opcao><Nome>Sim</Nome></Opcao>
	</Opcoes>
</Configuracao>
<Configuracao>
	<Nome>PunhoContrasteInterno</Nome>
	<Tipo>Opcao</Tipo>
	<Opcoes>
	<Opcao><Nome>Nao</Nome></Opcao>
	<Opcao><Nome>Sim</Nome></Opcao>
	</Opcoes>
</Configuracao>
<Configuracao>
	<Nome>PunhoContrasteExterno</Nome>
	<Tipo>Opcao</Tipo>
	<Opcoes>
	<Opcao><Nome>Nao</Nome></Opcao>
	<Opcao><Nome>Sim</Nome></Opcao>
	</Opcoes>
</Configuracao>
<Configuracao>
	<Nome>VistaContrasteInterno</Nome>
	<Tipo>Opcao</Tipo>
	<Opcoes>
	<Opcao><Nome>Nao</Nome></Opcao>
	<Opcao><Nome>Sim</Nome></Opcao>
	</Opcoes>
</Configuracao>
<Configuracao>
	<Nome>VistaContrasteExterno</Nome>
	<Tipo>Opcao</Tipo>
	<Opcoes>
	<Opcao><Nome>Nao</Nome></Opcao>
	<Opcao><Nome>Sim</Nome></Opcao>
	</Opcoes>
</Configuracao>
<Configuracao>
	<Nome>OpcaoBolso</Nome>
	<Tipo>Opcao</Tipo>
	<Opcoes>
	<Opcao><Nome>Sem Bolso</Nome></Opcao>
	<Opcao><Nome>Quadrado</Nome></Opcao>
	<Opcao><Nome>Chanfrado</Nome></Opcao>
	<Opcao><Nome>Redondo</Nome></Opcao>
	<Opcao><Nome>Triangular</Nome></Opcao>
	<Opcao><Nome>Militar</Nome></Opcao>
	</Opcoes>
</Configuracao>
<Configuracao>
	<Nome>ManterCabecasMangasIguais</Nome>
	<Tipo>Opcao</Tipo>
	<Opcoes>
	<Opcao><Nome>Sim</Nome></Opcao>
	<Opcao><Nome>Nao</Nome></Opcao>
	</Opcoes>
</Configuracao>
<Configuracao>
	<Nome>Ajustes_Pontos</Nome>
	<Tipo>Opcao_Valor</Tipo>
	<Opcoes>
	<Opcao>
		<Nome>Personalizado</Nome>
		<Valores>
		<Valor>
		<Nome>Ajuste_Aux_Cava_Frente_X</Nome>
		<Valor>000</Valor>
		<Max>1000</Max>
		<Min>-1000</Min>
		<Inc>10</Inc>
		</Valor>
		<Valor>
		<Nome>Ajuste_Aux_Cava_Frente_Y</Nome>
		<Valor>000</Valor>
		<Max>1000</Max>
		<Min>-1000</Min>
		<Inc>10</Inc>
		</Valor>
		<Valor>
		<Nome>Ajuste_Altura_Cava</Nome>
		<Valor>000</Valor>
		<Max>1000</Max>
		<Min>-1000</Min>
		<Inc>10</Inc>
		</Valor>
		<Valor>
		<Nome>Ajuste_Torax_Frente</Nome>
		<Valor>000</Valor>
		<Max>1000</Max>
		<Min>-1000</Min>
		<Inc>10</Inc>
		</Valor>
		<Valor>
		<Nome>Ajuste_Altura_Cintura</Nome>
		<Valor>000</Valor>
		<Max>1000</Max>
		<Min>-1000</Min>
		<Inc>10</Inc>
		</Valor>
		<Valor>
		<Nome>Ajuste_Cintura_Frente</Nome>
		<Valor>000</Valor>
		<Max>1000</Max>
		<Min>-1000</Min>
		<Inc>10</Inc>
		</Valor>
		<Valor>
		<Nome>Ajuste_Torax_Costas</Nome>
		<Valor>000</Valor>
		<Max>1000</Max>
		<Min>-1000</Min>
		<Inc>10</Inc>
		</Valor>
		<Valor>
		<Nome>Ajuste_Cintura_Costas</Nome>
		<Valor>000</Valor>
		<Max>1000</Max>
		<Min>-1000</Min>
		<Inc>10</Inc>
		</Valor>
		<Valor>
		<Nome>Ajuste_Altura_Quadril</Nome>
		<Valor>000</Valor>
		<Max>1000</Max>
		<Min>-1000</Min>
		<Inc>10</Inc>
		</Valor>
		<Valor>
		<Nome>Ajuste_Quadril_Costas</Nome>
		<Valor>000</Valor>
		<Max>1000</Max>
		<Min>-1000</Min>
		<Inc>10</Inc>
		</Valor>
		<Valor>
		<Nome>Ajuste_Quadril_Frente</Nome>
		<Valor>000</Valor>
		<Max>1000</Max>
		<Min>-1000</Min>
		<Inc>10</Inc>
		</Valor>
		<Valor>
		<Nome>Ajuste_Aux_Cava_Costas_X</Nome>
		<Valor>000</Valor>
		<Max>1000</Max>
		<Min>-1000</Min>
		<Inc>10</Inc>
		</Valor>
		<Valor>
		<Nome>Ajuste_Aux_Cava_Costas_Y</Nome>
		<Valor>000</Valor>
		<Max>1000</Max>
		<Min>-1000</Min>
		<Inc>10</Inc>
		</Valor>
		<Valor>
		<Nome>Ajuste_Meio_Costa</Nome>
		<Valor>000</Valor>
		<Max>1000</Max>
		<Min>-1000</Min>
		<Inc>10</Inc>
		</Valor>
		<Valor>
		<Nome>Ajuste_Altura_Pala</Nome>
		<Valor>000</Valor>
		<Max>1000</Max>
		<Min>-1000</Min>
		<Inc>10</Inc>
		</Valor>
		<Valor>
		<Nome>Ajuste_Frente_Esquerda_1_X</Nome>
		<Valor>000</Valor>
		<Max>1000</Max>
		<Min>-1000</Min>
		<Inc>10</Inc>
		</Valor>
		<Valor>
		<Nome>Ajuste_Frente_Esquerda_1_Y</Nome>
		<Valor>000</Valor>
		<Max>1000</Max>
		<Min>-1000</Min>
		<Inc>10</Inc>
		</Valor>
		<Valor>
		<Nome>Ajuste_Frente_Esquerda_2_X</Nome>
		<Valor>000</Valor>
		<Max>1000</Max>
		<Min>-1000</Min>
		<Inc>10</Inc>
		</Valor>
		<Valor>
		<Nome>Ajuste_Frente_Esquerda_2_Y</Nome>
		<Valor>000</Valor>
		<Max>1000</Max>
		<Min>-1000</Min>
		<Inc>10</Inc>
		</Valor>
		<Valor>
		<Nome>Ajuste_Frente_Esquerda_3_X</Nome>
		<Valor>000</Valor>
		<Max>1000</Max>
		<Min>-1000</Min>
		<Inc>10</Inc>
		</Valor>
		<Valor>
		<Nome>Ajuste_Frente_Esquerda_3_Y</Nome>
		<Valor>000</Valor>
		<Max>1000</Max>
		<Min>-1000</Min>
		<Inc>10</Inc>
		</Valor>
		<Valor>
		<Nome>Ajuste_Frente_Direita_1_X</Nome>
		<Valor>000</Valor>
		<Max>1000</Max>
		<Min>-1000</Min>
		<Inc>10</Inc>
		</Valor>
		<Valor>
		<Nome>Ajuste_Frente_Direita_1_Y</Nome>
		<Valor>000</Valor>
		<Max>1000</Max>
		<Min>-1000</Min>
		<Inc>10</Inc>
		</Valor>
		<Valor>
		<Nome>Ajuste_Frente_Direita_2_X</Nome>
		<Valor>000</Valor>
		<Max>1000</Max>
		<Min>-1000</Min>
		<Inc>10</Inc>
		</Valor>
		<Valor>
		<Nome>Ajuste_Frente_Direita_2_Y</Nome>
		<Valor>000</Valor>
		<Max>1000</Max>
		<Min>-1000</Min>
		<Inc>10</Inc>
		</Valor>
		<Valor>
		<Nome>Ajuste_Frente_Direita_3_X</Nome>
		<Valor>000</Valor>
		<Max>1000</Max>
		<Min>-1000</Min>
		<Inc>10</Inc>
		</Valor>
		<Valor>
		<Nome>Ajuste_Frente_Direita_3_Y</Nome>
		<Valor>000</Valor>
		<Max>1000</Max>
		<Min>-1000</Min>
		<Inc>10</Inc>
		</Valor>
		</Valores>	
	</Opcao>
	</Opcoes>
</Configuracao>
<Configuracao>
	<Nome>Tec_Largura_Tecido</Nome>
	<Tipo>Valor</Tipo>
	<Valor>14500</Valor>
	<Max>17000</Max>
	<Min>10000</Min>
	<Inc>100</Inc>
</Configuracao>
<Configuracao>
	<Nome>Tec_Cortar_Dobrado</Nome>
	<Tipo>Opcao</Tipo>
	<Opcoes>
	<Opcao><Nome>Nao</Nome></Opcao>
	<Opcao><Nome>Sim</Nome></Opcao>
	</Opcoes>
</Configuracao>
<Configuracao>
	<Nome>Tec_Xadrez</Nome>
	<Tipo>Opcao_Valor</Tipo>
	<Opcoes>
	<Opcao>
		<Nome>Nao</Nome>
		<Valores>
		<Valor>
		<Nome>TamanhoXadrez</Nome>
		<Valor>100</Valor>
		<Max>500</Max>
		<Min>50</Min>
		<Inc>5</Inc>
		</Valor>
		</Valores>	
	</Opcao>
	<Opcao>
		<Nome>Sim</Nome>
		<Valores>
		<Valor>
		<Nome>TamanhoXadrez</Nome>
		<Valor>100</Valor>
		<Max>500</Max>
		<Min>50</Min>
		<Inc>5</Inc>
		</Valor>
		</Valores>
	</Opcao>
	</Opcoes>
</Configuracao>
</Configuracoes>
</Molde>